Workbook

Sheet Data
B2: Column1 | C2: Asian Paints | D2: Berger Paints | E2: indigo Paints | F2: Nerolac Paints | G2: Shalimar Paints | H2: Dulux Paints | I2: Sirca Paints | J2: Total
B3: Market Capitalisation (in Trillion Rupees) | C3: 2.0805 | D3: 0.4923 | E3: 0.0366 | F3: 0.1444 | G3: 0.0035 | H3: 0.1362 | I3: 0.024 | J3: =SUM(C3:I3) -> 2.9175
B4: Asset Weight | C4: =C3/$J$3 -> 0.71311054 | D4: =D3/$J$3 -> 0.16874036 | E4: =E3/$J$3 -> 0.012544987 | F4: =F3/$J$3 -> 0.04949443 | G4: =G3/$J$3 -> 0.0011996572 | H4: =H3/$J$3 -> 0.046683805 | I4: =I3/$J$3 -> 0.0082262211 | J4: =J3/$J$3 -> 1
B8: Date | C8: Asian Paints | D8: Berger Paints | E8: Indigo Paints | F8: Nerolac Paint | G8: Shalimar Paint | H8: Dulux Paint | I8: Sirca Paints
B9: 46113 | C9: 2,225.80 | D9: 417.8 | E9: 749.55 | F9: 175.56 | G9: 40.86 | H9: 2,871.50 | I9: 422.75
B10: 46111 | C10: 2,165.20 | D10: 410 | E10: 710.80 | F10: 167.22 | G10: 36.08 | H10: 2,844.70 | I10: 401.35
B11: 46108 | C11: 2,207.40 | D11: 414.65 | E11: 730.80 | F11: 170.5 | G11: 39.17 | H11: 2,947.50 | I11: 419.7
B12: 46106 | C12: 2,270.20 | D12: 425.45 | E12: 765.85 | F12: 173.61 | G12: 41.58 | H12: 2,925.10 | I12: 432.95
B13: 46105 | C13: 2,217.30 | D13: 413.8 | E13: 729.95 | F13: 161.29 | G13: 42.08 | H13: 2,852.40 | I13: 416.2
B14: 46104 | C14: 2,121.30 | D14: 405.45 | E14: 712.95 | F14: 159.07 | G14: 40.67 | H14: 2,847.40 | I14: 398.65
B15: 46101 | C15: 2,195.40 | D15: 416.7 | E15: 743.75 | F15: 166.77 | G15: 44.71 | H15: 2,885.10 | I15: 429.25
B16: 46100 | C16: 2,186.00 | D16: 409.45 | E16: 744.40 | F16: 168.5 | G16: 45.4 | H16: 2,797.80 | I16: 424.65
B17: 46099 | C17: 2,262.10 | D17: 414.95 | E17: 768.45 | F17: 175.01 | G17: 47.69 | H17: 2,920.80 | I17: 434
B18: 46098 | C18: 2,238.20 | D18: 416.15 | E18: 757.60 | F18: 173.72 | G18: 46.48 | H18: 2,895.80 | I18: 426.3
B19: 46097 | C19: 2,217.70 | D19: 404.5 | E19: 757.70 | F19: 177.43 | G19: 48.35 | H19: 2,884.70 | I19: 408.45
B20: 46094 | C20: 2,196.80 | D20: 407.8 | E20: 786.85 | F20: 182.14 | G20: 49.5 | H20: 2,866.00 | I20: 410.25
... B1247: 44291 | C1247: 2,510.65 | D1247: 622.29 | E1247: 2,324.45 | F1247: 391.04 | G1247: 93.6 | H1247: 2,371.75 | I1247: 167.8
B1248: 44287 | C1248: 2551.75 | D1248: 639.96 | E1248: 2384.25 | F1248: 393.2 | G1248: 97.2 | H1248: 2371.05 | I1248: 161.05

Sheet Returns
A1: Date | B1: ASP | C1: BER | D1: IND | E1: NER | F1: SHA | G1: DUL | H1: SIR | I1: ASP_RET | J1: BER_RET | K1: IND_RET | L1: NER_RET | M1: SHA_RET | N1: DUL_RET | O1: SIR_RET
A2: 46113 | B2: 2,225.80 | C2: 417.8 | D2: 749.55 | E2: 175.56 | F2: 40.86 | G2: 2,871.50 | H2: 422.75 | I2: - | J2: - | K2: - | L2: - | M2: - | N2: - | O2: -
A3: 46111 | B3: 2,165.20 | C3: 410 | D3: 710.80 | E3: 167.22 | F3: 36.08 | G3: 2,844.70 | H3: 401.35 | I3: =LN(B3/B2) -> -0.027603666 | J3: =LN(C3/C2) -> -0.018845689 | K3: =LN(D3/D2) -> -0.05308193 | L3: =LN(E3/E2) -> -0.048670554 | M3: =LN(F3/F2) -> -0.12441289 | N3: =LN(G3/G2) -> -0.0093769275 | O3: =LN(H3/H2) -> -0.051947123
A4: 46108 | B4: 2,207.40 | C4: 414.65 | D4: 730.80 | E4: 170.5 | F4: 39.17 | G4: 2,947.50 | H4: 419.7 | I4: =LN(B4/B3) -> 0.019302616 | J4: =LN(C4/C3) -> 0.011277631 | K4: =LN(D4/D3) -> 0.027748728 | L4: =LN(E4/E3) -> 0.019424986 | M4: =LN(F4/F3) -> 0.082172452 | N4: =LN(G4/G3) -> 0.03549974 | O4: =LN(H4/H3) -> 0.044706306
A5: 46106 | B5: 2,270.20 | C5: 425.45 | D5: 765.85 | E5: 173.61 | F5: 41.58 | G5: 2,925.10 | H5: 432.95 | I5: =LN(B5/B4) -> 0.028052581 | J5: =LN(C5/C4) -> 0.025712641 | K5: =LN(D5/D4) -> 0.046846504 | L5: =LN(E5/E4) -> 0.018076108 | M5: =LN(F5/F4) -> 0.059708135 | N5: =LN(G5/G4) -> -0.0076286853 | O5: =LN(H5/H4) -> 0.031082078
A6: 46105 | B6: 2,217.30 | C6: 413.8 | D6: 729.95 | E6: 161.29 | F6: 42.08 | G6: 2,852.40 | H6: 416.2 | I6: =LN(B6/B5) -> -0.023577694 | J6: =LN(C6/C5) -> -0.027764667 | K6: =LN(D6/D5) -> -0.048010289 | L6: =LN(E6/E5) -> -0.073607417 | M6: =LN(F6/F5) -> 0.011953286 | N6: =LN(G6/G5) -> -0.025167923 | O6: =LN(H6/H5) -> -0.039456334
A7: 46104 | B7: 2,121.30 | C7: 405.45 | D7: 712.95 | E7: 159.07 | F7: 40.67 | G7: 2,847.40 | H7: 398.65 | I7: =LN(B7/B6) -> -0.044261131 | J7: =LN(C7/C6) -> -0.020385204 | K7: =LN(D7/D6) -> -0.023564747 | L7: =LN(E7/E6) -> -0.01385963 | M7: =LN(F7/F6) -> -0.034081849 | N7: =LN(G7/G6) -> -0.001754448 | O7: =LN(H7/H6) -> -0.043082075
A8: 46101 | B8: 2,195.40 | C8: 416.7 | D8: 743.75 | E8: 166.77 | F8: 44.71 | G8: 2,885.10 | H8: 429.25 | I8: =LN(B8/B7) -> 0.034335154 | J8: =LN(C8/C7) -> 0.027368977 | K8: =LN(D8/D7) -> 0.042293665 | L8: =LN(E8/E7) -> 0.047271261 | M8: =LN(F8/F7) -> 0.09470647 | N8: =LN(G8/G7) -> 0.013153264 | O8: =LN(H8/H7) -> 0.073955661
A9: 46100 | B9: 2,186.00 | C9: 409.45 | D9: 744.40 | E9: 168.5 | F9: 45.4 | G9: 2,797.80 | H9: 424.65 | I9: =LN(B9/B8) -> -0.0042908725 | J9: =LN(C9/C8) -> -0.017551743 | K9: =LN(D9/D8) -> 0.00087356791 | L9: =LN(E9/E8) -> 0.010320132 | M9: =LN(F9/F8) -> 0.015314915 | N9: =LN(G9/G8) -> -0.030726167 | O9: =LN(H9/H8) -> -0.0107742
A10: 46099 | B10: 2,262.10 | C10: 414.95 | D10: 768.45 | E10: 175.01 | F10: 47.69 | G10: 2,920.80 | H10: 434 | I10: =LN(B10/B9) -> 0.034220196 | J10: =LN(C10/C9) -> 0.013343235 | K10: =LN(D10/D9) -> 0.031796974 | L10: =LN(E10/E9) -> 0.037907365 | M10: =LN(F10/F9) -> 0.049209627 | N10: =LN(G10/G9) -> 0.043024157 | O10: =LN(H10/H9) -> 0.021779234
A11: 46098 | B11: 2,238.20 | C11: 416.15 | D11: 757.60 | E11: 173.72 | F11: 46.48 | G11: 2,895.80 | H11: 426.3 | I11: =LN(B11/B10) -> -0.010621614 | J11: =LN(C11/C10) -> 0.0028877411 | K11: =LN(D11/D10) -> -0.014219957 | L11: =LN(E11/E10) -> -0.0073983075 | M11: =LN(F11/F10) -> -0.02569962 | N11: =LN(G11/G10) -> -0.00859614 | O11: =LN(H11/H10) -> -0.01790121
A12: 46097 | B12: 2,217.70 | C12: 404.5 | D12: 757.70 | E12: 177.43 | F12: 48.35 | G12: 2,884.70 | H12: 408.45 | I12: =LN(B12/B11) -> -0.0092013486 | J12: =LN(C12/C11) -> -0.028394036 | K12: =LN(D12/D11) -> 0.00013198707 | L12: =LN(E12/E11) -> 0.021131357 | M12: =LN(F12/F11) -> 0.039444109 | N12: =LN(G12/G11) -> -0.0038405029 | O12: =LN(H12/H11) -> -0.042773816
A13: 46094 | B13: 2,196.80 | C13: 407.8 | D13: 786.85 | E13: 182.14 | F13: 49.5 | G13: 2,866.00 | H13: 410.25 | I13: =LN(B13/B12) -> -0.0094688668 | J13: =LN(C13/C12) -> 0.0081251216 | K13: =LN(D13/D12) -> 0.037750104 | L13: =LN(E13/E12) -> 0.026199457 | M13: =LN(F13/F12) -> 0.023506448 | N13: =LN(G13/G12) -> -0.006503579 | O13: =LN(H13/H12) -> 0.0043972222
A14: 46093 | B14: 2,221.20 | C14: 422.7 | D14: 818.05 | E14: 188.06 | F14: 52.01 | G14: 2,916.90 | H14: 424.15 | I14: =LN(B14/B13) -> 0.011045834 | J14: =LN(C14/C13) -> 0.035885849 | K14: =LN(D14/D13) -> 0.038885826 | L14: =LN(E14/E13) -> 0.031985439 | M14: =LN(F14/F13) -> 0.049463338 | N14: =LN(G14/G13) -> 0.017604079 | O14: =LN(H14/H13) -> 0.033320436
... A1240: 44291 | B1240: 2,510.65 | C1240: 622.29 | D1240: 2,324.45 | E1240: 391.04 | F1240: 93.6 | G1240: 2,371.75 | H1240: 167.8 | I1240: =LN(B1240/B1239) -> -0.039421377 | J1240: =LN(C1240/C1239) -> -0.002343425 | K1240: =LN(D1240/D1239) -> -0.021261322 | L1240: =LN(E1240/E1239) -> -0.0043379588 | M1240: =LN(F1240/F1239) -> -0.013266313 | N1240: =LN(G1240/G1239) -> -0.023419201 | O1240: =LN(H1240/H1239) -> -0.045891364
A1241: 44287 | B1241: 2551.75 | C1241: 639.96 | D1241: 2384.25 | E1241: 393.2 | F1241: 97.2 | G1241: 2371.05 | H1241: 161.05 | I1241: =LN(B1241/B1240) -> 0.016237715 | J1241: =LN(C1241/C1240) -> 0.027999452 | K1241: =LN(D1241/D1240) -> 0.025401158 | L1241: =LN(E1241/E1240) -> 0.0055085317 | M1241: =LN(F1241/F1240) -> 0.037740328 | N1241: =LN(G1241/G1240) -> -0.00029518428 | O1241: =LN(H1241/H1240) -> -0.041057918

Sheet Portfolio Returns
A2: Asset Weight | B2: 0.71311054 | C2: 0.16874036 | D2: 0.012544987 | E2: 0.04949443 | F2: 0.0011996572 | G2: 0.046683805 | H2: 0.0082262211 | I2: 1
A4: Date | B4: ASP_RET | C4: BER_RET | D4: IND_RET | E4: NER_RET | F4: SHA_RET | G4: DUL_RET | H4: SIR_RET | I4: Portfolio Return
A5: 46111 | B5: -0.027603666 | C5: -0.018845689 | D5: -0.05308193 | E5: -0.048670554 | F5: -0.12441289 | G5: -0.0093769275 | H5: -0.051947123 | I5: =SUMPRODUCT($B$2:$H$2,B5:H5) -> -0.026953659
A6: 46108 | B6: 0.019302616 | C6: 0.011277631 | D6: 0.027748728 | E6: 0.019424986 | F6: 0.082172452 | G6: 0.03549974 | H6: 0.044706306 | I6: =SUMPRODUCT($B$2:$H$2,B6:H6) -> 0.019101032
A7: 46106 | B7: 0.028052581 | C7: 0.025712641 | D7: 0.046846504 | E7: 0.018076108 | F7: 0.059708135 | G7: -0.0076286853 | H7: 0.031082078 | I7: =SUMPRODUCT($B$2:$H$2,B7:H7) -> 0.025796888
A8: 46105 | B8: -0.023577694 | C8: -0.027764667 | D8: -0.048010289 | E8: -0.073607417 | F8: 0.011953286 | G8: -0.025167923 | H8: -0.039456334 | I8: =SUMPRODUCT($B$2:$H$2,B8:H8) -> -0.027229139
A9: 46104 | B9: -0.044261131 | C9: -0.020385204 | D9: -0.023564747 | E9: -0.01385963 | F9: -0.034081849 | G9: -0.001754448 | H9: -0.043082075 | I9: =SUMPRODUCT($B$2:$H$2,B9:H9) -> -0.036461673
A10: 46101 | B10: 0.034335154 | C10: 0.027368977 | D10: 0.042293665 | E10: 0.047271261 | F10: 0.09470647 | G10: 0.013153264 | H10: 0.073955661 | I10: =SUMPRODUCT($B$2:$H$2,B10:H10) -> 0.033309284
A11: 46100 | B11: -0.0042908725 | C11: -0.017551743 | D11: 0.00087356791 | E11: 0.010320132 | F11: 0.015314915 | G11: -0.030726167 | H11: -0.0107742 | I11: =SUMPRODUCT($B$2:$H$2,B11:H11) -> -0.0070044785
A12: 46099 | B12: 0.034220196 | C12: 0.013343235 | D12: 0.031796974 | E12: 0.037907365 | F12: 0.049209627 | G12: 0.043024157 | H12: 0.021779234 | I12: =SUMPRODUCT($B$2:$H$2,B12:H12) -> 0.031176147
A13: 46098 | B13: -0.010621614 | C13: 0.0028877411 | D13: -0.014219957 | E13: -0.0073983075 | F13: -0.02569962 | G13: -0.00859614 | H13: -0.01790121 | I13: =SUMPRODUCT($B$2:$H$2,B13:H13) -> -0.0082110612
A14: 46097 | B14: -0.0092013486 | C14: -0.028394036 | D14: 0.00013198707 | E14: 0.021131357 | F14: 0.039444109 | G14: -0.0038405029 | H14: -0.042773816 | I14: =SUMPRODUCT($B$2:$H$2,B14:H14) -> -0.010789095
A15: 46094 | B15: -0.0094688668 | C15: 0.0081251216 | D15: 0.037750104 | E15: 0.026199457 | F15: 0.023506448 | G15: -0.006503579 | H15: 0.0043972222 | I15: =SUMPRODUCT($B$2:$H$2,B15:H15) -> -0.0038502506
A16: 46093 | B16: 0.011045834 | C16: 0.035885849 | D16: 0.038885826 | E16: 0.031985439 | F16: 0.049463338 | G16: 0.017604079 | H16: 0.033320436 | I16: =SUMPRODUCT($B$2:$H$2,B16:H16) -> 0.017158481
... A1243: 44287 | B1243: 0.016237715 | C1243: 0.027999452 | D1243: 0.025401158 | E1243: 0.0055085317 | F1243: 0.037740328 | G1243: -0.00029518428 | H1243: -0.041057918 | I1243: =SUMPRODUCT($B$2:$H$2,B1243:H1243) -> 0.016588966

Sheet Parametric VAR
A1: A hypothetical portfolio value of ₹10,000,000 is assumed.
A3: Date | B3: Portfolio Return
A4: 46111 | B4: -0.026953659 | E4: Portfolio Value | F4: 10000000
A5: 46108 | B5: 0.019101032 | E5: Mean Return | F5: =AVERAGE(B4:B1242) -> 0.00016787233
A6: 46106 | B6: 0.025796888 | E6: Daily Volatility (Standard Deviation) | F6: =_xlfn.STDEV.S(B4:B1242) -> 0.012401441
A7: 46105 | B7: -0.027229139 | E7: Z - score (95% Confidence Interval) | F7: =_xlfn.NORM.S.INV(0.05) -> -1.6448536
A8: 46104 | B8: -0.036461673 | E8: Z - score (99% Confidence Interval) | F8: =_xlfn.NORM.S.INV(0.01) -> -2.3263479
A9: 46101 | B9: 0.033309284
A10: 46100 | B10: -0.0070044785
A11: 46099 | B11: 0.031176147 | F11: VAR | G11: VALUE | H11: INTERPRETATION
A12: 46098 | B12: -0.0082110612 | E12: 95% Confidence Interval | F12: =F5+F6*F7 -> -0.020230682 | G12: =ABS(F4*F12) -> 202306.82 | H12: ="There is a 5% probability that the portfolio will lose more than Rs. "&TEXT(G12,"#,##0.00")&" in one day." -> There is a 5% probability that the portfolio will lose more than Rs. 2,02,306.82 in one day.
A13: 46097 | B13: -0.010789095 | E13: 99% Confidence Interval | F13: =F5+F6*F8 -> -0.028682193 | G13: =ABS(F4*F13) -> 286821.93 | H13: ="There is a 1% probability that the portfolio will lose more than Rs. "&TEXT(G13,"#,##0.00")&" in one day." -> There is a 1% probability that the portfolio will lose more than Rs. 2,86,821.93 in one day.
A14: 46094 | B14: -0.0038502506
A15: 46093 | B15: 0.017158481
A16: 46092 | B16: 0.0059194325
A17: 46091 | B17: 0.017895896
A18: 46090 | B18: -0.023059006
A19: 46087 | B19: 0.023917493
A20: 46086 | B20: 0.002969716
A21: 46085 | B21: 0.0019121375
A22: 46083 | B22: 0.010602622
A23: 46080 | B23: 0.027373053
A24: 46079 | B24: 0.007646951
A25: 46078 | B25: 0.0062070044
... A1242: 44287 | B1242: 0.016588966

Sheet Historical VAR
A1: Date | B1: Portfolio Return
A2: 46111 | B2: -0.026953659 | D2: Portfolio | E2: 10000000
A3: 46108 | B3: 0.019101032
A4: 46106 | B4: 0.025796888
A5: 46105 | B5: -0.027229139 | G5: VAR | H5: VALUE | I5: INTERPRETATION
A6: 46104 | B6: -0.036461673 | F6: 95% Confidence Interval | G6: =_xlfn.PERCENTILE.INC(B2:B1240,0.05) -> -0.019839729 | H6: =ABS(G6*E2) -> 198397.29 | I6: ="There is a 5% probability that the portfolio will lose more than Rs. "&TEXT(H6,"#,##0.00")&" in one day." -> There is a 5% probability that the portfolio will lose more than Rs. 1,98,397.29 in one day.
A7: 46101 | B7: 0.033309284 | F7: 99% Confidence Interval | G7: =_xlfn.PERCENTILE.INC(B2:B1240,0.01) -> -0.031428917 | H7: =ABS(E2*G7) -> 314289.17 | I7: ="There is a 1% probability that the portfolio will lose more than Rs. "&TEXT(H7,"#,##0.00")&" in one day." -> There is a 1% probability that the portfolio will lose more than Rs. 3,14,289.17 in one day.
A8: 46100 | B8: -0.0070044785
A9: 46099 | B9: 0.031176147
A10: 46098 | B10: -0.0082110612
A11: 46097 | B11: -0.010789095
A12: 46094 | B12: -0.0038502506
A13: 46093 | B13: 0.017158481
A14: 46092 | B14: 0.0059194325
A15: 46091 | B15: 0.017895896
A16: 46090 | B16: -0.023059006
A17: 46087 | B17: 0.023917493
A18: 46086 | B18: 0.002969716
A19: 46085 | B19: 0.0019121375
... A1240: 44287 | B1240: 0.016588966

Sheet Monte Carlo Stimulation
A1: Simulations | B1: Random simulations | C1: Simulated Returns | D1: Simulated Portfolio Value | E1: Loss
A2: {=_xlfn.SEQUENCE(1000)} -> 1 | B2: =_xlfn.NORM.S.INV(RAND()) -> 0.13686785 | C2: =$H$2 + $H$3 * B2 -> 0.0018652308 | D2: =$H$4 * (1 + C2) -> 10018652 | E2: =$H$4-D2 -> -18652.308 | G2: Mean Return | H2: ='Parametric VAR'!F5 -> 0.00016787233
A3: 2 | B3: =_xlfn.NORM.S.INV(RAND()) -> -1.0216861 | C3: =$H$2 + $H$3 * B3 -> -0.012502507 | D3: =$H$4 * (1 + C3) -> 9874974.9 | E3: =$H$4-D3 -> 125025.07 | G3: Daily Volatility | H3: ='Parametric VAR'!F6 -> 0.012401441
A4: 3 | B4: =_xlfn.NORM.S.INV(RAND()) -> 0.84119773 | C4: =$H$2 + $H$3 * B4 -> 0.010599936 | D4: =$H$4 * (1 + C4) -> 10105999 | E4: =$H$4-D4 -> -105999.36 | G4: Current Portofolio Value | H4: ='Parametric VAR'!F4 -> 10000000
A5: 4 | B5: =_xlfn.NORM.S.INV(RAND()) -> 0.84555951 | C5: =$H$2 + $H$3 * B5 -> 0.010654028 | D5: =$H$4 * (1 + C5) -> 10106540 | E5: =$H$4-D5 -> -106540.28
A6: 5 | B6: =_xlfn.NORM.S.INV(RAND()) -> 1.0593134 | C6: =$H$2 + $H$3 * B6 -> 0.013304885 | D6: =$H$4 * (1 + C6) -> 10133049 | E6: =$H$4-D6 -> -133048.85
A7: 6 | B7: =_xlfn.NORM.S.INV(RAND()) -> 0.045740881 | C7: =$H$2 + $H$3 * B7 -> 0.00073512516 | D7: =$H$4 * (1 + C7) -> 10007351 | E7: =$H$4-D7 -> -7351.2516 | H7: VAR | I7: VAR Return | J7: Interpretation
A8: 7 | B8: =_xlfn.NORM.S.INV(RAND()) -> 0.89678275 | C8: =$H$2 + $H$3 * B8 -> 0.011289271 | D8: =$H$4 * (1 + C8) -> 10112893 | E8: =$H$4-D8 -> -112892.71 | G8: 95% Confidence | H8: =_xlfn.PERCENTILE.INC(E2:E1001,0.95) -> 215592.71 | I8: =_xlfn.PERCENTILE.INC(C2:C1001, 0.05) -> -0.021559271 | J8: ="There is a 5% probability that the portfolio will lose more than Rs. "&TEXT(H8,"#,##0.00")&" in one day." -> There is a 5% probability that the portfolio will lose more than Rs. 2,15,592.71 in one day.
A9: 8 | B9: =_xlfn.NORM.S.INV(RAND()) -> 0.12937796 | C9: =$H$2 + $H$3 * B9 -> 0.0017723455 | D9: =$H$4 * (1 + C9) -> 10017723 | E9: =$H$4-D9 -> -17723.455 | G9: 99% Confidence | H9: =_xlfn.PERCENTILE.INC(E2:E1001, 0.99) -> 291931.44 | I9: =_xlfn.PERCENTILE.INC(C2:C1001,0.01) -> -0.029193144 | J9: ="There is a 1% probability that the portfolio will lose more than Rs. "&TEXT(H9,"#,##0.00")&" in one day." -> There is a 1% probability that the portfolio will lose more than Rs. 2,91,931.44 in one day.
A10: 9 | B10: =_xlfn.NORM.S.INV(RAND()) -> 0.053874214 | C10: =$H$2 + $H$3 * B10 -> 0.00083599021 | D10: =$H$4 * (1 + C10) -> 10008360 | E10: =$H$4-D10 -> -8359.9021
A11: 10 | B11: =_xlfn.NORM.S.INV(RAND()) -> -1.2082708 | C11: =$H$2 + $H$3 * B11 -> -0.014816426 | D11: =$H$4 * (1 + C11) -> 9851835.7 | E11: =$H$4-D11 -> 148164.26
A12: 11 | B12: =_xlfn.NORM.S.INV(RAND()) -> 0.85835417 | C12: =$H$2 + $H$3 * B12 -> 0.010812701 | D12: =$H$4 * (1 + C12) -> 10108127 | E12: =$H$4-D12 -> -108127.01
A13: 12 | B13: =_xlfn.NORM.S.INV(RAND()) -> -1.1052855 | C13: =$H$2 + $H$3 * B13 -> -0.01353926 | D13: =$H$4 * (1 + C13) -> 9864607.4 | E13: =$H$4-D13 -> 135392.6
A14: 13 | B14: =_xlfn.NORM.S.INV(RAND()) -> -0.71799063 | C14: =$H$2 + $H$3 * B14 -> -0.0087362459 | D14: =$H$4 * (1 + C14) -> 9912637.5 | E14: =$H$4-D14 -> 87362.459
A15: 14 | B15: =_xlfn.NORM.S.INV(RAND()) -> -0.94210653 | C15: =$H$2 + $H$3 * B15 -> -0.011515606 | D15: =$H$4 * (1 + C15) -> 9884843.9 | E15: =$H$4-D15 -> 115156.06
A16: 15 | B16: =_xlfn.NORM.S.INV(RAND()) -> -0.068698902 | C16: =$H$2 + $H$3 * B16 -> -0.00068409302 | D16: =$H$4 * (1 + C16) -> 9993159.1 | E16: =$H$4-D16 -> 6840.9302
A17: 16 | B17: =_xlfn.NORM.S.INV(RAND()) -> 0.2100404 | C17: =$H$2 + $H$3 * B17 -> 0.0027726759 | D17: =$H$4 * (1 + C17) -> 10027727 | E17: =$H$4-D17 -> -27726.759
A18: 17 | B18: =_xlfn.NORM.S.INV(RAND()) -> -0.65117768 | C18: =$H$2 + $H$3 * B18 -> -0.0079076691 | D18: =$H$4 * (1 + C18) -> 9920923.3 | E18: =$H$4-D18 -> 79076.691
A19: 18 | B19: =_xlfn.NORM.S.INV(RAND()) -> 0.54130243 | C19: =$H$2 + $H$3 * B19 -> 0.0068808024 | D19: =$H$4 * (1 + C19) -> 10068808 | E19: =$H$4-D19 -> -68808.024
A20: 19 | B20: =_xlfn.NORM.S.INV(RAND()) -> -0.26619505 | C20: =$H$2 + $H$3 * B20 -> -0.0031333298 | D20: =$H$4 * (1 + C20) -> 9968666.7 | E20: =$H$4-D20 -> 31333.298
A21: 20 | B21: =_xlfn.NORM.S.INV(RAND()) -> -0.073107388 | C21: =$H$2 + $H$3 * B21 -> -0.00073876461 | D21: =$H$4 * (1 + C21) -> 9992612.4 | E21: =$H$4-D21 -> 7387.6461
... A1001: 1000 | B1001: =_xlfn.NORM.S.INV(RAND()) -> 0.27398482 | C1001: =$H$2 + $H$3 * B1001 -> 0.0035656788 | D1001: =$H$4 * (1 + C1001) -> 10035657 | E1001: =$H$4-D1001 -> -35656.788

Sheet Model Comparison
B3: Model | C3: 95% VAR | D3: 99% VAR
B4: Parametric VAR | C4: ='Parametric VAR'!G12 -> 202306.82 | D4: ='Parametric VAR'!G13 -> 286821.93
B5: Historical Simulation | C5: ='Historical VAR'!H6 -> 198397.29 | D5: ='Historical VAR'!H7 -> 314289.17
B6: Monte Carlo Simulation | C6: ='Monte Carlo Stimulation'!H8 -> 215592.71 | D6: ='Monte Carlo Stimulation'!H9 -> 291931.44
B9: The three methods produce slightly different VaR estimates due to their underlying assumptions. The parametric model assumes normally distributed returns, while the historical and Monte Carlo approaches capture non-normal features of the return distribution.

Sheet Backtesting
C1: Parametric VAR | G1: Historical Simulation VAR | K1: Monte Carlo Simulation VAR
A2: Date | B2: Portfolio Return | C2: 0.95 | D2: Breach | E2: 0.99 | F2: Breach | G2: 0.95 | H2: Breach | I2: 0.99 | J2: Breach | K2: 0.95 | L2: Breach | M2: 0.99 | N2: Breach | Q2: Expected Breaches | S2: Actual Breaches | U2: Difference
A3: 46111 | B3: -0.026953659 | C3: ='Parametric VAR'!$F$12 -> -0.020230682 | D3: =IF(B3<C3,1,0) -> 1 | E3: ='Parametric VAR'!$F$13 -> -0.028682193 | F3: =IF(B3<E3,1,0) -> 0 | G3: ='Historical VAR'!$G$6 -> -0.019839729 | H3: =IF(B3<G3,1,0) -> 1 | I3: ='Historical VAR'!$G$7 -> -0.031428917 | J3: =IF(B3<I3,1,0) -> 0 | K3: ='Monte Carlo Stimulation'!$I$8 -> -0.021559271 | L3: =IF(B3<K3,1,0) -> 1 | M3: ='Monte Carlo Stimulation'!$I$9 -> -0.029193144 | N3: =IF(B3<M3,1,0) -> 0 | P3: Method | Q3: 0.95 | R3: 0.99 | S3: 0.95 | T3: 0.99 | U3: 0.95 | V3: 0.99 | W3: Interpretation
A4: 46108 | B4: 0.019101032 | C4: ='Parametric VAR'!$F$12 -> -0.020230682 | D4: =IF(B4<C4,1,0) -> 0 | E4: ='Parametric VAR'!$F$13 -> -0.028682193 | F4: =IF(B4<E4,1,0) -> 0 | G4: ='Historical VAR'!$G$6 -> -0.019839729 | H4: =IF(B4<G4,1,0) -> 0 | I4: ='Historical VAR'!$G$7 -> -0.031428917 | J4: =IF(B4<I4,1,0) -> 0 | K4: ='Monte Carlo Stimulation'!$I$8 -> -0.021559271 | L4: =IF(B4<K4,1,0) -> 0 | M4: ='Monte Carlo Stimulation'!$I$9 -> -0.029193144 | N4: =IF(B4<M4,1,0) -> 0 | P4: Parametric VAR | Q4: =0.05*1239 -> 61.95 | R4: =0.01*1239 -> 12.39 | S4: =SUM(D3:D1241) -> 59 | T4: =SUM(F3:F1241) -> 20 | U4: =S4-Q4 -> -2.95 | V4: =T4-R4 -> 7.61 | W4: Predicts slightly more risk at 95% level, and underestimates the risk at 99% level.
A5: 46106 | B5: 0.025796888 | C5: ='Parametric VAR'!$F$12 -> -0.020230682 | D5: =IF(B5<C5,1,0) -> 0 | E5: ='Parametric VAR'!$F$13 -> -0.028682193 | F5: =IF(B5<E5,1,0) -> 0 | G5: ='Historical VAR'!$G$6 -> -0.019839729 | H5: =IF(B5<G5,1,0) -> 0 | I5: ='Historical VAR'!$G$7 -> -0.031428917 | J5: =IF(B5<I5,1,0) -> 0 | K5: ='Monte Carlo Stimulation'!$I$8 -> -0.021559271 | L5: =IF(B5<K5,1,0) -> 0 | M5: ='Monte Carlo Stimulation'!$I$9 -> -0.029193144 | N5: =IF(B5<M5,1,0) -> 0 | P5: Historical Simulation | Q5: =0.05*1239 -> 61.95 | R5: =0.01*1239 -> 12.39 | S5: =SUM(H3:H1241) -> 62 | T5: =SUM(J3:J1241) -> 13 | U5: =S5-Q5 -> 0.05 | V5: =T5-R5 -> 0.61 | W5: Predicts risk almost perfectly at the 95% level and slightly underestimates at the 99% level.
A6: 46105 | B6: -0.027229139 | C6: ='Parametric VAR'!$F$12 -> -0.020230682 | D6: =IF(B6<C6,1,0) -> 1 | E6: ='Parametric VAR'!$F$13 -> -0.028682193 | F6: =IF(B6<E6,1,0) -> 0 | G6: ='Historical VAR'!$G$6 -> -0.019839729 | H6: =IF(B6<G6,1,0) -> 1 | I6: ='Historical VAR'!$G$7 -> -0.031428917 | J6: =IF(B6<I6,1,0) -> 0 | K6: ='Monte Carlo Stimulation'!$I$8 -> -0.021559271 | L6: =IF(B6<K6,1,0) -> 1 | M6: ='Monte Carlo Stimulation'!$I$9 -> -0.029193144 | N6: =IF(B6<M6,1,0) -> 0 | P6: Monte Carlo Simulation | Q6: =0.05*1239 -> 61.95 | R6: =0.01*1239 -> 12.39 | S6: =SUM(L3:L1241) -> 47 | T6: =SUM(N3:N1241) -> 20 | U6: =S6-Q6 -> -14.95 | V6: =T6-R6 -> 7.61 | W6: Overestimates risk at the 95% and Underestimates 99% level.
A7: 46104 | B7: -0.036461673 | C7: ='Parametric VAR'!$F$12 -> -0.020230682 | D7: =IF(B7<C7,1,0) -> 1 | E7: ='Parametric VAR'!$F$13 -> -0.028682193 | F7: =IF(B7<E7,1,0) -> 1 | G7: ='Historical VAR'!$G$6 -> -0.019839729 | H7: =IF(B7<G7,1,0) -> 1 | I7: ='Historical VAR'!$G$7 -> -0.031428917 | J7: =IF(B7<I7,1,0) -> 1 | K7: ='Monte Carlo Stimulation'!$I$8 -> -0.021559271 | L7: =IF(B7<K7,1,0) -> 1 | M7: ='Monte Carlo Stimulation'!$I$9 -> -0.029193144 | N7: =IF(B7<M7,1,0) -> 1
A8: 46101 | B8: 0.033309284 | C8: ='Parametric VAR'!$F$12 -> -0.020230682 | D8: =IF(B8<C8,1,0) -> 0 | E8: ='Parametric VAR'!$F$13 -> -0.028682193 | F8: =IF(B8<E8,1,0) -> 0 | G8: ='Historical VAR'!$G$6 -> -0.019839729 | H8: =IF(B8<G8,1,0) -> 0 | I8: ='Historical VAR'!$G$7 -> -0.031428917 | J8: =IF(B8<I8,1,0) -> 0 | K8: ='Monte Carlo Stimulation'!$I$8 -> -0.021559271 | L8: =IF(B8<K8,1,0) -> 0 | M8: ='Monte Carlo Stimulation'!$I$9 -> -0.029193144 | N8: =IF(B8<M8,1,0) -> 0
A9: 46100 | B9: -0.0070044785 | C9: ='Parametric VAR'!$F$12 -> -0.020230682 | D9: =IF(B9<C9,1,0) -> 0 | E9: ='Parametric VAR'!$F$13 -> -0.028682193 | F9: =IF(B9<E9,1,0) -> 0 | G9: ='Historical VAR'!$G$6 -> -0.019839729 | H9: =IF(B9<G9,1,0) -> 0 | I9: ='Historical VAR'!$G$7 -> -0.031428917 | J9: =IF(B9<I9,1,0) -> 0 | K9: ='Monte Carlo Stimulation'!$I$8 -> -0.021559271 | L9: =IF(B9<K9,1,0) -> 0 | M9: ='Monte Carlo Stimulation'!$I$9 -> -0.029193144 | N9: =IF(B9<M9,1,0) -> 0
A10: 46099 | B10: 0.031176147 | C10: ='Parametric VAR'!$F$12 -> -0.020230682 | D10: =IF(B10<C10,1,0) -> 0 | E10: ='Parametric VAR'!$F$13 -> -0.028682193 | F10: =IF(B10<E10,1,0) -> 0 | G10: ='Historical VAR'!$G$6 -> -0.019839729 | H10: =IF(B10<G10,1,0) -> 0 | I10: ='Historical VAR'!$G$7 -> -0.031428917 | J10: =IF(B10<I10,1,0) -> 0 | K10: ='Monte Carlo Stimulation'!$I$8 -> -0.021559271 | L10: =IF(B10<K10,1,0) -> 0 | M10: ='Monte Carlo Stimulation'!$I$9 -> -0.029193144 | N10: =IF(B10<M10,1,0) -> 0
A11: 46098 | B11: -0.0082110612 | C11: ='Parametric VAR'!$F$12 -> -0.020230682 | D11: =IF(B11<C11,1,0) -> 0 | E11: ='Parametric VAR'!$F$13 -> -0.028682193 | F11: =IF(B11<E11,1,0) -> 0 | G11: ='Historical VAR'!$G$6 -> -0.019839729 | H11: =IF(B11<G11,1,0) -> 0 | I11: ='Historical VAR'!$G$7 -> -0.031428917 | J11: =IF(B11<I11,1,0) -> 0 | K11: ='Monte Carlo Stimulation'!$I$8 -> -0.021559271 | L11: =IF(B11<K11,1,0) -> 0 | M11: ='Monte Carlo Stimulation'!$I$9 -> -0.029193144 | N11: =IF(B11<M11,1,0) -> 0
A12: 46097 | B12: -0.010789095 | C12: ='Parametric VAR'!$F$12 -> -0.020230682 | D12: =IF(B12<C12,1,0) -> 0 | E12: ='Parametric VAR'!$F$13 -> -0.028682193 | F12: =IF(B12<E12,1,0) -> 0 | G12: ='Historical VAR'!$G$6 -> -0.019839729 | H12: =IF(B12<G12,1,0) -> 0 | I12: ='Historical VAR'!$G$7 -> -0.031428917 | J12: =IF(B12<I12,1,0) -> 0 | K12: ='Monte Carlo Stimulation'!$I$8 -> -0.021559271 | L12: =IF(B12<K12,1,0) -> 0 | M12: ='Monte Carlo Stimulation'!$I$9 -> -0.029193144 | N12: =IF(B12<M12,1,0) -> 0
A13: 46094 | B13: -0.0038502506 | C13: ='Parametric VAR'!$F$12 -> -0.020230682 | D13: =IF(B13<C13,1,0) -> 0 | E13: ='Parametric VAR'!$F$13 -> -0.028682193 | F13: =IF(B13<E13,1,0) -> 0 | G13: ='Historical VAR'!$G$6 -> -0.019839729 | H13: =IF(B13<G13,1,0) -> 0 | I13: ='Historical VAR'!$G$7 -> -0.031428917 | J13: =IF(B13<I13,1,0) -> 0 | K13: ='Monte Carlo Stimulation'!$I$8 -> -0.021559271 | L13: =IF(B13<K13,1,0) -> 0 | M13: ='Monte Carlo Stimulation'!$I$9 -> -0.029193144 | N13: =IF(B13<M13,1,0) -> 0
A14: 46093 | B14: 0.017158481 | C14: ='Parametric VAR'!$F$12 -> -0.020230682 | D14: =IF(B14<C14,1,0) -> 0 | E14: ='Parametric VAR'!$F$13 -> -0.028682193 | F14: =IF(B14<E14,1,0) -> 0 | G14: ='Historical VAR'!$G$6 -> -0.019839729 | H14: =IF(B14<G14,1,0) -> 0 | I14: ='Historical VAR'!$G$7 -> -0.031428917 | J14: =IF(B14<I14,1,0) -> 0 | K14: ='Monte Carlo Stimulation'!$I$8 -> -0.021559271 | L14: =IF(B14<K14,1,0) -> 0 | M14: ='Monte Carlo Stimulation'!$I$9 -> -0.029193144 | N14: =IF(B14<M14,1,0) -> 0
A15: 46092 | B15: 0.0059194325 | C15: ='Parametric VAR'!$F$12 -> -0.020230682 | D15: =IF(B15<C15,1,0) -> 0 | E15: ='Parametric VAR'!$F$13 -> -0.028682193 | F15: =IF(B15<E15,1,0) -> 0 | G15: ='Historical VAR'!$G$6 -> -0.019839729 | H15: =IF(B15<G15,1,0) -> 0 | I15: ='Historical VAR'!$G$7 -> -0.031428917 | J15: =IF(B15<I15,1,0) -> 0 | K15: ='Monte Carlo Stimulation'!$I$8 -> -0.021559271 | L15: =IF(B15<K15,1,0) -> 0 | M15: ='Monte Carlo Stimulation'!$I$9 -> -0.029193144 | N15: =IF(B15<M15,1,0) -> 0
A16: 46091 | B16: 0.017895896 | C16: ='Parametric VAR'!$F$12 -> -0.020230682 | D16: =IF(B16<C16,1,0) -> 0 | E16: ='Parametric VAR'!$F$13 -> -0.028682193 | F16: =IF(B16<E16,1,0) -> 0 | G16: ='Historical VAR'!$G$6 -> -0.019839729 | H16: =IF(B16<G16,1,0) -> 0 | I16: ='Historical VAR'!$G$7 -> -0.031428917 | J16: =IF(B16<I16,1,0) -> 0 | K16: ='Monte Carlo Stimulation'!$I$8 -> -0.021559271 | L16: =IF(B16<K16,1,0) -> 0 | M16: ='Monte Carlo Stimulation'!$I$9 -> -0.029193144 | N16: =IF(B16<M16,1,0) -> 0
A17: 46090 | B17: -0.023059006 | C17: ='Parametric VAR'!$F$12 -> -0.020230682 | D17: =IF(B17<C17,1,0) -> 1 | E17: ='Parametric VAR'!$F$13 -> -0.028682193 | F17: =IF(B17<E17,1,0) -> 0 | G17: ='Historical VAR'!$G$6 -> -0.019839729 | H17: =IF(B17<G17,1,0) -> 1 | I17: ='Historical VAR'!$G$7 -> -0.031428917 | J17: =IF(B17<I17,1,0) -> 0 | K17: ='Monte Carlo Stimulation'!$I$8 -> -0.021559271 | L17: =IF(B17<K17,1,0) -> 1 | M17: ='Monte Carlo Stimulation'!$I$9 -> -0.029193144 | N17: =IF(B17<M17,1,0) -> 0
A18: 46087 | B18: 0.023917493 | C18: ='Parametric VAR'!$F$12 -> -0.020230682 | D18: =IF(B18<C18,1,0) -> 0 | E18: ='Parametric VAR'!$F$13 -> -0.028682193 | F18: =IF(B18<E18,1,0) -> 0 | G18: ='Historical VAR'!$G$6 -> -0.019839729 | H18: =IF(B18<G18,1,0) -> 0 | I18: ='Historical VAR'!$G$7 -> -0.031428917 | J18: =IF(B18<I18,1,0) -> 0 | K18: ='Monte Carlo Stimulation'!$I$8 -> -0.021559271 | L18: =IF(B18<K18,1,0) -> 0 | M18: ='Monte Carlo Stimulation'!$I$9 -> -0.029193144 | N18: =IF(B18<M18,1,0) -> 0
... A1241: 44287 | B1241: 0.016588966 | C1241: ='Parametric VAR'!$F$12 -> -0.020230682 | D1241: =IF(B1241<C1241,1,0) -> 0 | E1241: ='Parametric VAR'!$F$13 -> -0.028682193 | F1241: =IF(B1241<E1241,1,0) -> 0 | G1241: ='Historical VAR'!$G$6 -> -0.019839729 | H1241: =IF(B1241<G1241,1,0) -> 0 | I1241: ='Historical VAR'!$G$7 -> -0.031428917 | J1241: =IF(B1241<I1241,1,0) -> 0 | K1241: ='Monte Carlo Stimulation'!$I$8 -> -0.021559271 | L1241: =IF(B1241<K1241,1,0) -> 0 | M1241: ='Monte Carlo Stimulation'!$I$9 -> -0.029193144 | N1241: =IF(B1241<M1241,1,0) -> 0

Sheet Basel Traffic Light Test
A1: Last 252 observations have been chosen to check the Basel Traffic Light Test at 99% confidence level.
C3: Parametric VAR | E3: Historical VAR | G3: Monte Carlo Simulation VAR
A4: Date | B4: Portfolio Return | C4: 0.99 | D4: Breach | E4: 0.99 | F4: Breach | G4: 0.99 | H4: Breach | K4: Basel Traffic Light Classification
A5: 46111 | B5: -0.026953659 | C5: ='Parametric VAR'!$F$13 -> -0.028682193 | D5: =IF(B5<C5,1,0) -> 0 | E5: ='Historical VAR'!$G$7 -> -0.031428917 | F5: =IF(B5<E5,1,0) -> 0 | G5: ='Monte Carlo Stimulation'!$I$9 -> -0.029193144 | H5: =IF(B5<G5,1,0) -> 0 | K5: Breaches | L5: Zone
A6: 46108 | B6: 0.019101032 | C6: ='Parametric VAR'!$F$13 -> -0.028682193 | D6: =IF(B6<C6,1,0) -> 0 | E6: ='Historical VAR'!$G$7 -> -0.031428917 | F6: =IF(B6<E6,1,0) -> 0 | G6: ='Monte Carlo Stimulation'!$I$9 -> -0.029193144 | H6: =IF(B6<G6,1,0) -> 0 | K6: 0–4 | L6: Green
A7: 46106 | B7: 0.025796888 | C7: ='Parametric VAR'!$F$13 -> -0.028682193 | D7: =IF(B7<C7,1,0) -> 0 | E7: ='Historical VAR'!$G$7 -> -0.031428917 | F7: =IF(B7<E7,1,0) -> 0 | G7: ='Monte Carlo Stimulation'!$I$9 -> -0.029193144 | H7: =IF(B7<G7,1,0) -> 0 | K7: 5–9 | L7: Yellow
A8: 46105 | B8: -0.027229139 | C8: ='Parametric VAR'!$F$13 -> -0.028682193 | D8: =IF(B8<C8,1,0) -> 0 | E8: ='Historical VAR'!$G$7 -> -0.031428917 | F8: =IF(B8<E8,1,0) -> 0 | G8: ='Monte Carlo Stimulation'!$I$9 -> -0.029193144 | H8: =IF(B8<G8,1,0) -> 0 | K8: 10+ | L8: Red
A9: 46104 | B9: -0.036461673 | C9: ='Parametric VAR'!$F$13 -> -0.028682193 | D9: =IF(B9<C9,1,0) -> 1 | E9: ='Historical VAR'!$G$7 -> -0.031428917 | F9: =IF(B9<E9,1,0) -> 1 | G9: ='Monte Carlo Stimulation'!$I$9 -> -0.029193144 | H9: =IF(B9<G9,1,0) -> 1
A10: 46101 | B10: 0.033309284 | C10: ='Parametric VAR'!$F$13 -> -0.028682193 | D10: =IF(B10<C10,1,0) -> 0 | E10: ='Historical VAR'!$G$7 -> -0.031428917 | F10: =IF(B10<E10,1,0) -> 0 | G10: ='Monte Carlo Stimulation'!$I$9 -> -0.029193144 | H10: =IF(B10<G10,1,0) -> 0 | K10: Model | L10: Breaches (last 252 days)
A11: 46100 | B11: -0.0070044785 | C11: ='Parametric VAR'!$F$13 -> -0.028682193 | D11: =IF(B11<C11,1,0) -> 0 | E11: ='Historical VAR'!$G$7 -> -0.031428917 | F11: =IF(B11<E11,1,0) -> 0 | G11: ='Monte Carlo Stimulation'!$I$9 -> -0.029193144 | H11: =IF(B11<G11,1,0) -> 0 | K11: Parametric | L11: =SUM(D5:D256) -> 6
A12: 46099 | B12: 0.031176147 | C12: ='Parametric VAR'!$F$13 -> -0.028682193 | D12: =IF(B12<C12,1,0) -> 0 | E12: ='Historical VAR'!$G$7 -> -0.031428917 | F12: =IF(B12<E12,1,0) -> 0 | G12: ='Monte Carlo Stimulation'!$I$9 -> -0.029193144 | H12: =IF(B12<G12,1,0) -> 0 | K12: Historical | L12: =SUM(F5:F256) -> 5
A13: 46098 | B13: -0.0082110612 | C13: ='Parametric VAR'!$F$13 -> -0.028682193 | D13: =IF(B13<C13,1,0) -> 0 | E13: ='Historical VAR'!$G$7 -> -0.031428917 | F13: =IF(B13<E13,1,0) -> 0 | G13: ='Monte Carlo Stimulation'!$I$9 -> -0.029193144 | H13: =IF(B13<G13,1,0) -> 0 | K13: Monte Carlo | L13: =SUM(H5:H256) -> 6
A14: 46097 | B14: -0.010789095 | C14: ='Parametric VAR'!$F$13 -> -0.028682193 | D14: =IF(B14<C14,1,0) -> 0 | E14: ='Historical VAR'!$G$7 -> -0.031428917 | F14: =IF(B14<E14,1,0) -> 0 | G14: ='Monte Carlo Stimulation'!$I$9 -> -0.029193144 | H14: =IF(B14<G14,1,0) -> 0
A15: 46094 | B15: -0.0038502506 | C15: ='Parametric VAR'!$F$13 -> -0.028682193 | D15: =IF(B15<C15,1,0) -> 0 | E15: ='Historical VAR'!$G$7 -> -0.031428917 | F15: =IF(B15<E15,1,0) -> 0 | G15: ='Monte Carlo Stimulation'!$I$9 -> -0.029193144 | H15: =IF(B15<G15,1,0) -> 0
A16: 46093 | B16: 0.017158481 | C16: ='Parametric VAR'!$F$13 -> -0.028682193 | D16: =IF(B16<C16,1,0) -> 0 | E16: ='Historical VAR'!$G$7 -> -0.031428917 | F16: =IF(B16<E16,1,0) -> 0 | G16: ='Monte Carlo Stimulation'!$I$9 -> -0.029193144 | H16: =IF(B16<G16,1,0) -> 0
A17: 46092 | B17: 0.0059194325 | C17: ='Parametric VAR'!$F$13 -> -0.028682193 | D17: =IF(B17<C17,1,0) -> 0 | E17: ='Historical VAR'!$G$7 -> -0.031428917 | F17: =IF(B17<E17,1,0) -> 0 | G17: ='Monte Carlo Stimulation'!$I$9 -> -0.029193144 | H17: =IF(B17<G17,1,0) -> 0
A18: 46091 | B18: 0.017895896 | C18: ='Parametric VAR'!$F$13 -> -0.028682193 | D18: =IF(B18<C18,1,0) -> 0 | E18: ='Historical VAR'!$G$7 -> -0.031428917 | F18: =IF(B18<E18,1,0) -> 0 | G18: ='Monte Carlo Stimulation'!$I$9 -> -0.029193144 | H18: =IF(B18<G18,1,0) -> 0
A19: 46090 | B19: -0.023059006 | C19: ='Parametric VAR'!$F$13 -> -0.028682193 | D19: =IF(B19<C19,1,0) -> 0 | E19: ='Historical VAR'!$G$7 -> -0.031428917 | F19: =IF(B19<E19,1,0) -> 0 | G19: ='Monte Carlo Stimulation'!$I$9 -> -0.029193144 | H19: =IF(B19<G19,1,0) -> 0
A20: 46087 | B20: 0.023917493 | C20: ='Parametric VAR'!$F$13 -> -0.028682193 | D20: =IF(B20<C20,1,0) -> 0 | E20: ='Historical VAR'!$G$7 -> -0.031428917 | F20: =IF(B20<E20,1,0) -> 0 | G20: ='Monte Carlo Stimulation'!$I$9 -> -0.029193144 | H20: =IF(B20<G20,1,0) -> 0
A21: 46086 | B21: 0.002969716 | C21: ='Parametric VAR'!$F$13 -> -0.028682193 | D21: =IF(B21<C21,1,0) -> 0 | E21: ='Historical VAR'!$G$7 -> -0.031428917 | F21: =IF(B21<E21,1,0) -> 0 | G21: ='Monte Carlo Stimulation'!$I$9 -> -0.029193144 | H21: =IF(B21<G21,1,0) -> 0
A22: 46085 | B22: 0.0019121375 | C22: ='Parametric VAR'!$F$13 -> -0.028682193 | D22: =IF(B22<C22,1,0) -> 0 | E22: ='Historical VAR'!$G$7 -> -0.031428917 | F22: =IF(B22<E22,1,0) -> 0 | G22: ='Monte Carlo Stimulation'!$I$9 -> -0.029193144 | H22: =IF(B22<G22,1,0) -> 0
A23: 46083 | B23: 0.010602622 | C23: ='Parametric VAR'!$F$13 -> -0.028682193 | D23: =IF(B23<C23,1,0) -> 0 | E23: ='Historical VAR'!$G$7 -> -0.031428917 | F23: =IF(B23<E23,1,0) -> 0 | G23: ='Monte Carlo Stimulation'!$I$9 -> -0.029193144 | H23: =IF(B23<G23,1,0) -> 0
A24: 46080 | B24: 0.027373053 | C24: ='Parametric VAR'!$F$13 -> -0.028682193 | D24: =IF(B24<C24,1,0) -> 0 | E24: ='Historical VAR'!$G$7 -> -0.031428917 | F24: =IF(B24<E24,1,0) -> 0 | G24: ='Monte Carlo Stimulation'!$I$9 -> -0.029193144 | H24: =IF(B24<G24,1,0) -> 0
A25: 46079 | B25: 0.007646951 | C25: ='Parametric VAR'!$F$13 -> -0.028682193 | D25: =IF(B25<C25,1,0) -> 0 | E25: ='Historical VAR'!$G$7 -> -0.031428917 | F25: =IF(B25<E25,1,0) -> 0 | G25: ='Monte Carlo Stimulation'!$I$9 -> -0.029193144 | H25: =IF(B25<G25,1,0) -> 0
... A256: 45740 | B256: 0.0028724663 | C256: ='Parametric VAR'!$F$13 -> -0.028682193 | D256: =IF(B256<C256,1,0) -> 0 | E256: ='Historical VAR'!$G$7 -> -0.031428917 | F256: =IF(B256<E256,1,0) -> 0 | G256: ='Monte Carlo Stimulation'!$I$9 -> -0.029193144 | H256: =IF(B256<G256,1,0) -> 0

Sheet Dashboard
A2: Portfolio Summary | D2: VAR Metrics
A3: Portfolio Value | B3: ='Parametric VAR'!F4 -> 10000000 | D3: Model | E3: 95% VaR | F3: 99% VaR
A4: Number of Stocks | B4: =7 -> 7 | D4: Parametric | E4: ='Parametric VAR'!F12 -> -0.020230682 | F4: ='Parametric VAR'!F13 -> -0.028682193
A5: Data Period | B5: "Apr'21 - Mar'26" | D5: Historical | E5: ='Historical VAR'!G6 -> -0.019839729 | F5: ='Historical VAR'!G7 -> -0.031428917
A6: Observations | B6: =1239 -> 1239 | D6: Monte Carlo | E6: ='Monte Carlo Stimulation'!I8 -> -0.021559271 | F6: ='Monte Carlo Stimulation'!I9 -> -0.029193144
A7: Daily Mean Return | B7: ='Parametric VAR'!F5 -> 0.00016787233
A8: Daily Volatility | B8: ='Parametric VAR'!F6 -> 0.012401441 | D8: Basel Test
D9: Model | E9: Breaches | F9: Zone
D10: Parametric | E10: ='Basel Traffic Light Test'!L11 -> 6
D11: Historical | E11: ='Basel Traffic Light Test'!L12 -> 5
D12: Monte Carlo | E12: ='Basel Traffic Light Test'!L13 -> 6
